{"cameraMode":{"drawMode":0,"name":"Shaded","section":"Shading Mode"},"sceneLighting":false,"audioPlay":false,"sceneViewState":{"m_AlwaysRefresh":false,"showFog":true,"showSkybox":false,"showFlares":true,"showImageEffects":true,"showParticleSystems":true,"showVisualEffectGraphs":true,"m_FxEnabled":true},"in2DMode":false,"pivot":{"x":-0.000712275505065918,"y":-0.0004463791847229004,"z":0.018291234970092775},"rotation":{"x":-0.0924839898943901,"y":0.7280856966972351,"z":-0.10023529827594757,"w":-0.6717817187309265},"size":0.6317148208618164,"orthographic":false}