{"cameraMode":{"drawMode":0,"name":"Shaded","section":"Shading Mode"},"sceneLighting":false,"audioPlay":false,"sceneViewState":{"m_AlwaysRefresh":false,"showFog":true,"showSkybox":false,"showFlares":true,"showImageEffects":true,"showParticleSystems":true,"showVisualEffectGraphs":true,"m_FxEnabled":true},"in2DMode":false,"pivot":{"x":-1.6627076864242554,"y":1.3902904987335206,"z":0.45967066287994387},"rotation":{"x":-0.0924839898943901,"y":0.7280856966972351,"z":-0.10023529827594757,"w":-0.6717817187309265},"size":0.7151409983634949,"orthographic":false}